{
  "version": 3,
  "targets": {
    ".NETFramework,Version=v4.6.1": {
      "Microsoft.Activities.Extensions/2.0.6.9": {
        "type": "package",
        "frameworkAssemblies": [
          "System.Activities"
        ],
        "compile": {
          "lib/Net45/_._": {}
        },
        "runtime": {
          "lib/Net45/Microsoft.Activities.Extensions.Design.dll": {},
          "lib/Net45/Microsoft.Activities.Extensions.dll": {}
        }
      }
    },
    ".NETFramework,Version=v4.6.1/win10-x64": {
      "Microsoft.Activities.Extensions/2.0.6.9": {
        "type": "package",
        "frameworkAssemblies": [
          "System.Activities"
        ],
        "compile": {
          "lib/Net45/_._": {}
        },
        "runtime": {
          "lib/Net45/Microsoft.Activities.Extensions.Design.dll": {},
          "lib/Net45/Microsoft.Activities.Extensions.dll": {}
        }
      }
    }
  },
  "libraries": {
    "Microsoft.Activities.Extensions/2.0.6.9": {
      "sha512": "yGwK3gYUzzGIzgybBtXsCbcWIj+Dv+gadnaWkmG0WpBs22AV8ZS7deFhAb2pznDoGz0Pj4M7Tt9RwK9VrNzf4A==",
      "type": "package",
      "path": "microsoft.activities.extensions/2.0.6.9",
      "hasTools": true,
      "files": [
        ".nupkg.metadata",
        ".signature.p7s",
        "help/Microsoft.Activities.Extensions Documentation.chm",
        "lib/Net40/Microsoft.Activities.Extensions.Design.dll",
        "lib/Net40/Microsoft.Activities.Extensions.dll",
        "lib/Net401/Microsoft.Activities.Extensions.Design.dll",
        "lib/Net401/Microsoft.Activities.Extensions.dll",
        "lib/Net45/Microsoft.Activities.Extensions.Design.dll",
        "lib/Net45/Microsoft.Activities.Extensions.dll",
        "microsoft.activities.extensions.2.0.6.9.nupkg.sha512",
        "microsoft.activities.extensions.nuspec",
        "tools/Microsoft.Activities.Extensions.NuGet.dll",
        "tools/install.ps1",
        "tools/uninstall.ps1"
      ]
    }
  },
  "projectFileDependencyGroups": {
    "": [],
    ".NETFramework,Version=v4.6.1": [
      "Microsoft.Activities.Extensions >= 2.0.6.9 <= 2.0.6.9",
      "UiPath.Excel.Activities >= 2.20.1 <= 2.20.1",
      "UiPath.Mail.Activities >= 1.18.2 <= 1.18.2",
      "UiPath.System.Activities >= 23.4.2 <= 23.4.2",
      "UiPath.Testing.Activities >= 23.4.0 <= 23.4.0",
      "UiPath.UIAutomation.Activities >= 23.4.4 <= 23.4.4"
    ]
  },
  "packageFolders": {
    "C:\\Users\\Halley Song\\.nuget\\packages\\": {}
  },
  "project": {
    "restore": {
      "projectUniqueName": "Lap",
      "projectName": "Lap",
      "projectPath": "C:\\LAB\\Lab\\.local",
      "packagesPath": "C:\\Users\\Halley Song\\.nuget\\packages\\",
      "outputPath": "C:\\LAB\\Lab\\.local"
    },
    "frameworks": {
      "net461": {
        "dependencies": {
          "Microsoft.Activities.Extensions": {
            "include": "Runtime",
            "target": "Package",
            "version": "[2.0.6.9, 2.0.6.9]"
          },
          "UiPath.Excel.Activities": {
            "include": "Runtime",
            "target": "Package",
            "version": "[2.20.1, 2.20.1]"
          },
          "UiPath.Mail.Activities": {
            "include": "Runtime",
            "target": "Package",
            "version": "[1.18.2, 1.18.2]"
          },
          "UiPath.System.Activities": {
            "include": "Runtime",
            "target": "Package",
            "version": "[23.4.2, 23.4.2]"
          },
          "UiPath.Testing.Activities": {
            "include": "Runtime",
            "target": "Package",
            "version": "[23.4.0, 23.4.0]"
          },
          "UiPath.UIAutomation.Activities": {
            "include": "Runtime",
            "target": "Package",
            "version": "[23.4.4, 23.4.4]"
          }
        },
        "runtimeIdentifierGraphPath": "C:\\Program Files\\UiPath\\Studio\\runtime.json"
      }
    },
    "runtimes": {
      "win10-x64": {
        "#import": []
      }
    }
  },
  "logs": [
    {
      "code": "NU1100",
      "level": "Error",
      "message": "Unable to resolve 'UiPath.UIAutomation.Activities (= 23.4.4)' for '.NETFramework,Version=v4.6.1'.",
      "libraryId": "UiPath.UIAutomation.Activities",
      "targetGraphs": [
        ".NETFramework,Version=v4.6.1"
      ]
    },
    {
      "code": "NU1100",
      "level": "Error",
      "message": "Unable to resolve 'UiPath.System.Activities (= 23.4.2)' for '.NETFramework,Version=v4.6.1'.",
      "libraryId": "UiPath.System.Activities",
      "targetGraphs": [
        ".NETFramework,Version=v4.6.1"
      ]
    },
    {
      "code": "NU1100",
      "level": "Error",
      "message": "Unable to resolve 'UiPath.Testing.Activities (= 23.4.0)' for '.NETFramework,Version=v4.6.1'.",
      "libraryId": "UiPath.Testing.Activities",
      "targetGraphs": [
        ".NETFramework,Version=v4.6.1"
      ]
    },
    {
      "code": "NU1100",
      "level": "Error",
      "message": "Unable to resolve 'UiPath.Excel.Activities (= 2.20.1)' for '.NETFramework,Version=v4.6.1'.",
      "libraryId": "UiPath.Excel.Activities",
      "targetGraphs": [
        ".NETFramework,Version=v4.6.1"
      ]
    },
    {
      "code": "NU1100",
      "level": "Error",
      "message": "Unable to resolve 'UiPath.Mail.Activities (= 1.18.2)' for '.NETFramework,Version=v4.6.1'.",
      "libraryId": "UiPath.Mail.Activities",
      "targetGraphs": [
        ".NETFramework,Version=v4.6.1"
      ]
    },
    {
      "code": "NU1100",
      "level": "Error",
      "message": "Unable to resolve 'UiPath.UIAutomation.Activities (= 23.4.4)' for '.NETFramework,Version=v4.6.1/win10-x64'.",
      "libraryId": "UiPath.UIAutomation.Activities",
      "targetGraphs": [
        ".NETFramework,Version=v4.6.1/win10-x64"
      ]
    },
    {
      "code": "NU1100",
      "level": "Error",
      "message": "Unable to resolve 'UiPath.System.Activities (= 23.4.2)' for '.NETFramework,Version=v4.6.1/win10-x64'.",
      "libraryId": "UiPath.System.Activities",
      "targetGraphs": [
        ".NETFramework,Version=v4.6.1/win10-x64"
      ]
    },
    {
      "code": "NU1100",
      "level": "Error",
      "message": "Unable to resolve 'UiPath.Testing.Activities (= 23.4.0)' for '.NETFramework,Version=v4.6.1/win10-x64'.",
      "libraryId": "UiPath.Testing.Activities",
      "targetGraphs": [
        ".NETFramework,Version=v4.6.1/win10-x64"
      ]
    },
    {
      "code": "NU1100",
      "level": "Error",
      "message": "Unable to resolve 'UiPath.Excel.Activities (= 2.20.1)' for '.NETFramework,Version=v4.6.1/win10-x64'.",
      "libraryId": "UiPath.Excel.Activities",
      "targetGraphs": [
        ".NETFramework,Version=v4.6.1/win10-x64"
      ]
    },
    {
      "code": "NU1100",
      "level": "Error",
      "message": "Unable to resolve 'UiPath.Mail.Activities (= 1.18.2)' for '.NETFramework,Version=v4.6.1/win10-x64'.",
      "libraryId": "UiPath.Mail.Activities",
      "targetGraphs": [
        ".NETFramework,Version=v4.6.1/win10-x64"
      ]
    }
  ]
}