{
  "Workflows": [
    {
      "Path": null,
      "SortBy": 0,
      "VariablesSectionElementsOrder": [],
      "ArgumentsSectionElementsOrder": null,
      "ConstantsSectionElementsOrder": null,
      "AddedNamespaces": null
    },
    {
      "Path": "NotepadLoop.xaml",
      "SortBy": 0,
      "VariablesSectionElementsOrder": [
        "sCurrentTime&Sequence_17",
        "nIndex&Sequence_1",
        "sCurrnetTime&Sequence_1",
        "nLoop&Sequence_1"
      ],
      "ArgumentsSectionElementsOrder": [],
      "ConstantsSectionElementsOrder": null,
      "AddedNamespaces": null
    },
    {
      "Path": "String.xaml",
      "SortBy": 0,
      "VariablesSectionElementsOrder": [
        "sCheck&Sequence_1",
        "sMessages&Sequence_1"
      ],
      "ArgumentsSectionElementsOrder": [],
      "ConstantsSectionElementsOrder": null,
      "AddedNamespaces": null
    },
    {
      "Path": "ACME.xaml",
      "SortBy": 0,
      "VariablesSectionElementsOrder": [],
      "ArgumentsSectionElementsOrder": [],
      "ConstantsSectionElementsOrder": null,
      "AddedNamespaces": null
    },
    {
      "Path": "SampleSite.xaml",
      "SortBy": 0,
      "VariablesSectionElementsOrder": [],
      "ArgumentsSectionElementsOrder": [],
      "ConstantsSectionElementsOrder": null,
      "AddedNamespaces": null
    },
    {
      "Path": "Dictionary.xaml",
      "SortBy": 0,
      "VariablesSectionElementsOrder": [
        "DictionaryName&Sequence_1"
      ],
      "ArgumentsSectionElementsOrder": [],
      "ConstantsSectionElementsOrder": null,
      "AddedNamespaces": null
    },
    {
      "Path": "Excel.xaml",
      "SortBy": 0,
      "VariablesSectionElementsOrder": [
        "nIncome&Sequence_1",
        "nAge&Sequence_1",
        "sName&Sequence_1",
        "DataTableNewEmployee&Sequence_1",
        "DataTableEmployee&Sequence_1",
        "variable1&Sequence_1",
        "DataTableNew&Sequence_1",
        "DataTableOlympic&Sequence_1",
        "sCell&Sequence_1"
      ],
      "ArgumentsSectionElementsOrder": [],
      "ConstantsSectionElementsOrder": null,
      "AddedNamespaces": null
    },
    {
      "Path": "List.xaml",
      "SortBy": 0,
      "VariablesSectionElementsOrder": [
        "ListName&Sequence_1",
        "sItem&Sequence_1"
      ],
      "ArgumentsSectionElementsOrder": [],
      "ConstantsSectionElementsOrder": null,
      "AddedNamespaces": null
    },
    {
      "Path": "MyCRM.xaml",
      "SortBy": 0,
      "VariablesSectionElementsOrder": [
        "NameInfo&Sequence_1",
        "sNameInfo&Sequence_1",
        "arrNameInfo&Sequence_1"
      ],
      "ArgumentsSectionElementsOrder": [],
      "ConstantsSectionElementsOrder": null,
      "AddedNamespaces": null
    },
    {
      "Path": "Naver.xaml",
      "SortBy": 0,
      "VariablesSectionElementsOrder": [
        "Buy&Sequence_1",
        "Sell&Sequence_1",
        "nGap&Sequence_1",
        "sSell&Sequence_1",
        "sBuy&Sequence_1"
      ],
      "ArgumentsSectionElementsOrder": [],
      "ConstantsSectionElementsOrder": null,
      "AddedNamespaces": null
    },
    {
      "Path": "NotepadSelector.xaml",
      "SortBy": 0,
      "VariablesSectionElementsOrder": [],
      "ArgumentsSectionElementsOrder": [],
      "ConstantsSectionElementsOrder": null,
      "AddedNamespaces": null
    }
  ]
}