{
  "Packages": [
    {
      "Package": {
        "Id": "Microsoft.Activities.Extensions",
        "Version": "2.0.6.9"
      },
      "Assemblies": [
        "C:\\Users\\Halley Song\\.nuget\\packages\\microsoft.activities.extensions\\2.0.6.9\\lib/Net45/Microsoft.Activities.Extensions.Design.dll",
        "C:\\Users\\Halley Song\\.nuget\\packages\\microsoft.activities.extensions\\2.0.6.9\\lib/Net45/Microsoft.Activities.Extensions.dll"
      ],
      "Path": "C:\\Users\\Halley Song\\.nuget\\packages\\microsoft.activities.extensions\\2.0.6.9"
    },
    {
      "Package": {
        "Id": "UiPath.Excel.Activities",
        "Version": "[2.20.1]"
      },
      "Assemblies": [],
      "Path": null
    },
    {
      "Package": {
        "Id": "UiPath.Mail.Activities",
        "Version": "[1.18.2]"
      },
      "Assemblies": [],
      "Path": null
    },
    {
      "Package": {
        "Id": "UiPath.System.Activities",
        "Version": "[23.4.2]"
      },
      "Assemblies": [],
      "Path": null
    },
    {
      "Package": {
        "Id": "UiPath.Testing.Activities",
        "Version": "[23.4.0]"
      },
      "Assemblies": [],
      "Path": null
    },
    {
      "Package": {
        "Id": "UiPath.UIAutomation.Activities",
        "Version": "[23.4.4]"
      },
      "Assemblies": [],
      "Path": null
    }
  ],
  "Conflicts": [],
  "ResolvedDependencies": {
    "Microsoft.Activities.Extensions": {
      "Id": "Microsoft.Activities.Extensions",
      "Version": "2.0.6.9",
      "Dependencies": []
    }
  },
  "AllPackages": [
    {
      "Package": {
        "Id": "Microsoft.Activities.Extensions",
        "Version": "2.0.6.9"
      },
      "Assemblies": [
        "C:\\Users\\Halley Song\\.nuget\\packages\\microsoft.activities.extensions\\2.0.6.9\\lib\\Net45\\Microsoft.Activities.Extensions.Design.dll",
        "C:\\Users\\Halley Song\\.nuget\\packages\\microsoft.activities.extensions\\2.0.6.9\\lib\\Net45\\Microsoft.Activities.Extensions.dll"
      ],
      "Path": "C:\\Users\\Halley Song\\.nuget\\packages\\microsoft.activities.extensions\\2.0.6.9"
    }
  ]
}